series_id,is_seasonal,has_breakpoint,breakpoint_position,old_period,new_period,period_ratio,amplitude_ratio
0,True,True,144,7.0,8.207629192539269,1.1725184560770383,1.25237452943768
0,True,True,268,8.207629192539269,9.027326999561877,1.0998702290020257,0.472068130700601
0,True,True,572,9.027326999561877,3.9029113201165098,0.43234407264807506,1.7752335047145116
1,True,False,0,0.0,0.0,0.0,0.0
2,True,False,0,0.0,0.0,0.0,0.0
3,True,False,0,0.0,0.0,0.0,0.0
4,True,False,0,0.0,0.0,0.0,0.0
5,True,False,0,0.0,0.0,0.0,0.0
6,True,False,0,0.0,0.0,0.0,0.0
7,True,False,0,0.0,0.0,0.0,0.0
8,True,True,358,30.0,38.1396942965055,1.2713231432168501,1.3414397599562449
8,True,True,645,38.1396942965055,34.332695088894496,0.9001827550579026,0.39385849902094594
9,True,False,0,0.0,0.0,0.0,0.0
10,True,True,258,7.0,4.786098382390062,0.6837283403414374,0.8788474648505551
10,True,True,528,4.786098382390062,3.569025098359976,0.7457065887930392,1.3402423778488544
11,True,False,0,0.0,0.0,0.0,0.0
12,True,False,0,0.0,0.0,0.0,0.0
13,True,False,0,0.0,0.0,0.0,0.0
14,True,False,0,0.0,0.0,0.0,0.0
15,True,True,155,90.0,70.99660109984683,0.7888511233316314,0.7078880552631445
15,True,True,249,70.99660109984683,55.00949175019939,0.7748186659363623,0.7513076970205343
15,True,True,417,55.00949175019939,99.92240804608244,1.816457576082227,2.272027249507079
16,True,True,283,7.0,4.474083841627566,0.6391548345182237,1.4728128614702145
16,True,True,326,4.474083841627566,10.135726417259763,2.265430594517564,0.4309162034276683
16,True,True,359,10.135726417259763,7.823466353804814,0.7718703161208569,2.07995832748296
17,True,False,0,0.0,0.0,0.0,0.0
18,True,False,0,0.0,0.0,0.0,0.0
19,True,True,476,7.0,4.8561015033761255,0.6937287861965894,0.7229188616858405
20,True,False,0,0.0,0.0,0.0,0.0
21,True,True,265,7.0,6.471063228006255,0.9244376040008936,1.210529172649962
21,True,True,303,6.471063228006255,10.3295649197389,1.5962701268368622,1.1997658022397935
21,True,True,490,10.3295649197389,6.451855996027272,0.6246009436175126,0.4196894507395748
22,True,True,73,30.0,42.0041385387901,1.4001379512930034,0.5798389313504002
22,True,True,162,42.0041385387901,39.85719436317896,0.9488873180049039,1.4176245365456999
22,True,True,538,39.85719436317896,24.15284943460538,0.6059846865919485,1.595381326071424
23,True,False,0,0.0,0.0,0.0,0.0
24,True,False,0,0.0,0.0,0.0,0.0
25,True,False,0,0.0,0.0,0.0,0.0
26,True,False,0,0.0,0.0,0.0,0.0
27,True,False,0,0.0,0.0,0.0,0.0
28,True,False,0,0.0,0.0,0.0,0.0
29,True,False,0,0.0,0.0,0.0,0.0
30,True,True,539,7.0,8.089391398449198,1.1556273426355996,0.6721080624882388
31,True,False,0,0.0,0.0,0.0,0.0
32,True,False,0,0.0,0.0,0.0,0.0
33,True,True,108,7.0,4.367485917600517,0.6239265596572167,0.5856665463743359
33,True,True,544,4.367485917600517,5.187334074858629,1.1877162680603524,2.5032342832847267
34,True,False,0,0.0,0.0,0.0,0.0
35,True,False,0,0.0,0.0,0.0,0.0
36,True,False,0,0.0,0.0,0.0,0.0
37,True,False,0,0.0,0.0,0.0,0.0
38,True,True,176,7.0,4.764697897266452,0.6806711281809218,0.7036533343649484
38,True,True,395,4.764697897266452,5.288220202744461,1.109875235904958,1.3582204457967586
38,True,True,564,5.288220202744461,5.662154456884491,1.0707107948995707,1.4725042912212927
39,True,True,266,365.0,436.7618851239533,1.196607904449187,0.5605857752527308
40,True,True,301,7.0,4.029375793423226,0.575625113346175,0.5852507528069549
40,True,True,466,4.029375793423226,7.061856618016446,1.752593200550531,1.8456073403534707
40,True,True,584,7.061856618016446,8.177871591253833,1.1580342158732269,0.8637713838331685
41,True,False,0,0.0,0.0,0.0,0.0
42,True,False,0,0.0,0.0,0.0,0.0
43,True,True,411,7.0,9.902524856405682,1.4146464080579546,0.7797879125583849
43,True,True,467,9.902524856405682,7.228616240417807,0.7299770861712915,1.1348696612840936
44,True,True,224,30.0,30.85608618993023,1.0285362063310077,0.7353068097743422
45,True,True,598,90.0,70.61216218522829,0.7845795798358698,1.3379216899253457
46,True,True,210,7.0,7.229647719762533,1.0328068171089333,1.3391988285566905
46,True,True,481,7.229647719762533,6.54955323109552,0.9059297886938602,1.0320490161808598
46,True,True,584,6.54955323109552,6.0159710052141255,0.9185315078671185,0.7707799257654121
47,True,True,563,30.0,19.902988408441445,0.6634329469480481,0.8949284761184946
48,True,False,0,0.0,0.0,0.0,0.0
49,True,True,586,7.0,4.298595548554413,0.6140850783649162,1.2968118209776212
50,True,False,0,0.0,0.0,0.0,0.0
51,True,True,453,7.0,7.82144502563264,1.1173492893760915,0.8936637598143454
52,True,True,301,30.0,15.531341786014472,0.5177113928671491,0.780443957403799
53,True,False,0,0.0,0.0,0.0,0.0
54,True,False,0,0.0,0.0,0.0,0.0
55,True,False,0,0.0,0.0,0.0,0.0
56,True,False,0,0.0,0.0,0.0,0.0
57,True,False,0,0.0,0.0,0.0,0.0
58,True,False,0,0.0,0.0,0.0,0.0
59,True,False,0,0.0,0.0,0.0,0.0
60,True,True,142,7.0,5.833322511599569,0.8333317873713669,1.4904121754603996
60,True,True,191,5.833322511599569,8.942879346255797,1.5330678748642597,0.7081114883562092
61,True,False,0,0.0,0.0,0.0,0.0
62,True,True,600,90.0,94.76312864117682,1.0529236515686313,1.374846958660972
63,True,False,0,0.0,0.0,0.0,0.0
64,True,True,376,7.0,4.692419083792054,0.6703455833988649,0.9034007626472436
65,True,False,0,0.0,0.0,0.0,0.0
66,True,False,0,0.0,0.0,0.0,0.0
67,True,False,0,0.0,0.0,0.0,0.0
68,True,False,0,0.0,0.0,0.0,0.0
69,True,False,0,0.0,0.0,0.0,0.0
70,True,True,177,90.0,46.482225607379576,0.5164691734153286,1.4891558593766865
71,True,False,0,0.0,0.0,0.0,0.0
72,True,False,0,0.0,0.0,0.0,0.0
73,True,False,0,0.0,0.0,0.0,0.0
74,True,True,271,30.0,19.500387700754544,0.6500129233584848,1.2672787223251736
74,True,True,622,19.500387700754544,16.948736897718664,0.8691487142618632,0.6872653261089554
74,True,True,638,16.948736897718664,30.443492589569946,1.7962101113073332,0.5767676127552454
75,True,True,218,30.0,20.724900179814597,0.6908300059938199,0.989750872289981
75,True,True,333,20.724900179814597,17.849998654709662,0.8612827323576208,0.5909782239973397
75,True,True,651,17.849998654709662,16.493473195004462,0.924004170199347,1.9012424261869894
76,True,False,0,0.0,0.0,0.0,0.0
77,True,True,567,365.0,278.8438457322109,0.7639557417320847,0.6672547318706533
77,True,True,582,278.8438457322109,530.2830725013087,1.9017205529813581,0.8781897609680388
78,True,False,0,0.0,0.0,0.0,0.0
79,True,False,0,0.0,0.0,0.0,0.0
80,True,False,0,0.0,0.0,0.0,0.0
81,True,False,0,0.0,0.0,0.0,0.0
82,True,True,327,7.0,3.746488887017112,0.5352126981453017,1.291478833306705
82,True,True,494,3.746488887017112,4.534026360102809,1.210206808784296,0.4602172234934277
83,True,True,516,7.0,3.740473954833821,0.5343534221191173,1.062371559433056
84,True,False,0,0.0,0.0,0.0,0.0
85,True,False,0,0.0,0.0,0.0,0.0
86,True,False,0,0.0,0.0,0.0,0.0
87,True,False,0,0.0,0.0,0.0,0.0
88,True,False,0,0.0,0.0,0.0,0.0
89,True,False,0,0.0,0.0,0.0,0.0
90,True,True,76,30.0,22.799352897040485,0.7599784299013496,1.236293576653884
91,True,False,0,0.0,0.0,0.0,0.0
92,True,True,172,30.0,29.965566583209867,0.9988522194403289,1.1648283357646565
92,True,True,607,29.965566583209867,44.683259679078304,1.4911535063086365,0.8234079865995028
93,True,False,0,0.0,0.0,0.0,0.0
94,True,True,264,30.0,37.35456013554603,1.245152004518201,1.2745630967880361
94,True,True,391,37.35456013554603,15.770223928288301,0.4221766732378571,1.0899555171344837
95,True,False,0,0.0,0.0,0.0,0.0
96,True,False,0,0.0,0.0,0.0,0.0
97,True,True,190,90.0,59.68933669348299,0.663214852149811,1.2979146865657814
97,True,True,351,59.68933669348299,103.21569199100838,1.7292149269649648,0.7741144086530701
97,True,True,585,103.21569199100838,124.26242918300726,1.2039102464558622,0.8308641423983542
98,True,False,0,0.0,0.0,0.0,0.0
99,True,False,0,0.0,0.0,0.0,0.0
100,True,True,208,7.0,10.127776671353052,1.4468252387647218,0.9947884349463275
100,True,True,557,10.127776671353052,6.06392172179993,0.5987416506677177,1.4794569005851208
101,True,True,318,7.0,5.3155500762653975,0.7593642966093425,0.5558100065733326
102,True,False,0,0.0,0.0,0.0,0.0
103,True,False,0,0.0,0.0,0.0,0.0
104,True,True,137,7.0,4.60084388264664,0.6572634118066628,1.2486652066246795
104,True,True,536,4.60084388264664,8.832895239592816,1.9198424169332355,1.1325813044420352
105,True,False,0,0.0,0.0,0.0,0.0
106,True,False,0,0.0,0.0,0.0,0.0
107,True,False,0,0.0,0.0,0.0,0.0
108,True,False,0,0.0,0.0,0.0,0.0
109,True,True,469,7.0,7.42867689060445,1.0612395558006358,0.7413246723448096
110,True,True,160,90.0,53.59058887457659,0.5954509874952955,0.7834992267178137
110,True,True,478,53.59058887457659,57.47671439411811,1.072515074029819,1.1118240245613087
111,True,False,0,0.0,0.0,0.0,0.0
112,True,False,0,0.0,0.0,0.0,0.0
113,True,True,229,7.0,3.861973858431983,0.551710551204569,0.5831631070723253
114,True,True,440,7.0,4.1731395150734025,0.5961627878676289,1.2402297120648123
114,True,True,568,4.1731395150734025,7.215360535115739,1.7290005543916798,0.5487121914240958
115,True,False,0,0.0,0.0,0.0,0.0
116,True,False,0,0.0,0.0,0.0,0.0
117,True,False,0,0.0,0.0,0.0,0.0
118,True,False,0,0.0,0.0,0.0,0.0
119,True,True,111,365.0,448.39605368248993,1.2284823388561368,1.4560672827064045
119,True,True,347,448.39605368248993,349.42249404656224,0.7792720100386721,0.49989320032358536
119,True,True,616,349.42249404656224,290.0365997159402,0.8300455885284004,1.552328985282368
120,True,False,0,0.0,0.0,0.0,0.0
121,True,False,0,0.0,0.0,0.0,0.0
122,True,True,95,7.0,6.341199516587783,0.9058856452268261,1.3374036729820806
122,True,True,143,6.341199516587783,10.228139245840243,1.6129660041581586,0.9657755724025916
122,True,True,355,10.228139245840243,8.03469908986388,0.7855484655365413,0.6069508481571196
123,True,True,495,90.0,132.9580751888497,1.4773119465427744,0.8902693779560784
123,True,True,590,132.9580751888497,62.116501296032524,0.46718863226475027,1.5234689315726555
124,True,True,180,90.0,46.24672747158609,0.5138525274620677,0.9517693264624537
124,True,True,319,46.24672747158609,68.03651521292167,1.4711638840764072,0.6946631018811297
125,True,True,135,7.0,4.668996213535555,0.6669994590765079,1.47555479720877
125,True,True,301,4.668996213535555,9.977365628577857,2.1369401841991613,0.7730209259016202
125,True,True,471,9.977365628577857,9.072872706751557,0.9093455170936515,0.5550173762496934
126,True,False,0,0.0,0.0,0.0,0.0
127,True,False,0,0.0,0.0,0.0,0.0
128,True,False,0,0.0,0.0,0.0,0.0
129,True,False,0,0.0,0.0,0.0,0.0
130,True,False,0,0.0,0.0,0.0,0.0
131,True,False,0,0.0,0.0,0.0,0.0
132,True,False,0,0.0,0.0,0.0,0.0
133,True,False,0,0.0,0.0,0.0,0.0
134,True,True,215,7.0,7.910336285165295,1.1300480407378992,0.9589096122656766
134,True,True,562,7.910336285165295,5.21174189383776,0.6588521278939351,0.8981479673744233
134,True,True,605,5.21174189383776,4.553898115714103,0.873776600698228,1.6682126000027824
135,True,False,0,0.0,0.0,0.0,0.0
136,True,False,0,0.0,0.0,0.0,0.0
137,True,False,0,0.0,0.0,0.0,0.0
138,True,False,0,0.0,0.0,0.0,0.0
139,True,False,0,0.0,0.0,0.0,0.0
140,True,False,0,0.0,0.0,0.0,0.0
141,True,False,0,0.0,0.0,0.0,0.0
142,True,False,0,0.0,0.0,0.0,0.0
143,True,False,0,0.0,0.0,0.0,0.0
144,True,False,0,0.0,0.0,0.0,0.0
145,True,False,0,0.0,0.0,0.0,0.0
146,True,False,0,0.0,0.0,0.0,0.0
147,True,False,0,0.0,0.0,0.0,0.0
148,True,False,0,0.0,0.0,0.0,0.0
149,True,False,0,0.0,0.0,0.0,0.0
150,True,False,0,0.0,0.0,0.0,0.0
151,True,True,293,7.0,4.338037435816046,0.6197196336880066,0.771655292061316
151,True,True,346,4.338037435816046,5.072509532102419,1.1693097644161312,0.8526493851953848
151,True,True,624,5.072509532102419,6.331878069521908,1.2482732717305538,1.7832178452546443
152,True,False,0,0.0,0.0,0.0,0.0
153,True,False,0,0.0,0.0,0.0,0.0
154,True,False,0,0.0,0.0,0.0,0.0
155,True,False,0,0.0,0.0,0.0,0.0
156,True,False,0,0.0,0.0,0.0,0.0
157,True,False,0,0.0,0.0,0.0,0.0
158,True,True,330,90.0,129.3134170628766,1.4368157451430732,1.0776384784890327
158,True,True,414,129.3134170628766,90.75354137613665,0.7018107125883866,0.7724244408380835
159,True,False,0,0.0,0.0,0.0,0.0
160,True,False,0,0.0,0.0,0.0,0.0
161,True,False,0,0.0,0.0,0.0,0.0
162,True,False,0,0.0,0.0,0.0,0.0
163,True,False,0,0.0,0.0,0.0,0.0
164,True,True,522,90.0,123.92432540936775,1.376936948992975,0.6440301352543091
164,True,True,574,123.92432540936775,111.06041006544972,0.8961953974619287,1.1139198994334167
164,True,True,611,111.06041006544972,108.93645942594044,0.9808757176544045,1.078376085876227
165,True,True,164,30.0,18.315824793170577,0.6105274931056859,1.4663439006179781
166,True,True,108,365.0,383.21202186631444,1.0498959503186698,0.7037284756057847
166,True,True,112,383.21202186631444,494.4841296101956,1.2903669545698622,1.6255284773053686
167,True,True,314,7.0,8.432209294454848,1.204601327779264,0.558819175780901
167,True,True,570,8.432209294454848,6.293608309006559,0.7463771461585202,1.4917079134023283
168,True,False,0,0.0,0.0,0.0,0.0
169,True,True,160,30.0,28.749266815554105,0.9583088938518035,1.314974058939498
170,True,False,0,0.0,0.0,0.0,0.0
171,True,True,602,30.0,27.79458774900339,0.926486258300113,1.2725363100227014
172,True,False,0,0.0,0.0,0.0,0.0
173,True,False,0,0.0,0.0,0.0,0.0
174,True,True,257,30.0,19.75168247268542,0.6583894157561807,0.6568305740219029
174,True,True,601,19.75168247268542,39.2410343397737,1.9867185691163312,1.171130978062219
175,True,False,0,0.0,0.0,0.0,0.0
176,True,False,0,0.0,0.0,0.0,0.0
177,True,True,108,90.0,113.58166591415535,1.2620185101572816,0.9713915608632208
177,True,True,208,113.58166591415535,50.076260550396455,0.44088330759511773,0.5231141447871125
178,True,True,261,7.0,7.802954756643199,1.1147078223776,1.1973313205401885
178,True,True,387,7.802954756643199,8.92903856592774,1.144315050439813,0.5519677450403152
179,True,False,0,0.0,0.0,0.0,0.0
180,True,False,0,0.0,0.0,0.0,0.0
181,True,False,0,0.0,0.0,0.0,0.0
182,True,True,261,7.0,9.21611900849345,1.3165884297847785,1.0737611115032033
183,True,True,380,30.0,29.647918982323468,0.9882639660774489,1.1439814109981072
183,True,True,398,29.647918982323468,25.826713612372448,0.8711138757418596,0.8706152588588494
184,True,True,378,30.0,43.58720802695132,1.4529069342317107,0.9266105165359527
184,True,True,410,43.58720802695132,25.190045663917072,0.5779228999559064,1.575482347143893
184,True,True,618,25.190045663917072,21.010851560779027,0.834093428852952,0.7866223170501231
185,True,True,653,7.0,5.6176188016118465,0.8025169716588352,1.4719975553299334
186,True,True,86,30.0,28.977438536934468,0.9659146178978156,0.5311793958743408
186,True,True,319,28.977438536934468,34.08944281312006,1.1764132557703422,1.5903453965138874
187,True,False,0,0.0,0.0,0.0,0.0
188,True,False,0,0.0,0.0,0.0,0.0
189,True,True,248,7.0,5.485920410218864,0.7837029157455521,1.3522750642227876
189,True,True,363,5.485920410218864,8.054654030486686,1.4682411388037875,0.9113753442013005
189,True,True,406,8.054654030486686,8.519990753858504,1.057772403583137,0.7848325471441524
190,True,False,0,0.0,0.0,0.0,0.0
191,True,True,201,7.0,4.286583673744365,0.6123690962491951,0.6601027936950219
191,True,True,241,4.286583673744365,9.491679931707719,2.2142761355260467,1.6434346206730954
191,True,True,312,9.491679931707719,6.73639665819047,0.7097159519345987,1.177764783941752
192,True,False,0,0.0,0.0,0.0,0.0
193,True,False,0,0.0,0.0,0.0,0.0
194,True,False,0,0.0,0.0,0.0,0.0
195,True,True,390,7.0,8.605755236493007,1.2293936052132868,1.0903101487046882
195,True,True,437,8.605755236493007,6.551491746012625,0.7612918989644041,0.5687811080846203
196,True,True,380,90.0,105.66220529465991,1.174024503273999,0.8837860363844727
196,True,True,447,105.66220529465991,96.79913968081517,0.9161188658789741,0.9642145524771518
196,True,True,509,96.79913968081517,55.685630261934996,0.5752698881989283,0.8549303996985567
197,True,False,0,0.0,0.0,0.0,0.0
198,True,False,0,0.0,0.0,0.0,0.0
199,True,False,0,0.0,0.0,0.0,0.0
200,True,False,0,0.0,0.0,0.0,0.0
201,True,False,0,0.0,0.0,0.0,0.0
202,True,True,242,30.0,38.32240001314135,1.2774133337713782,0.6041230366539284
202,True,True,558,38.32240001314135,31.61619592704717,0.8250056342036376,2.4758165972601964
203,True,False,0,0.0,0.0,0.0,0.0
204,True,True,224,7.0,4.465346929256562,0.6379067041795088,1.4654982202903954
205,True,False,0,0.0,0.0,0.0,0.0
206,True,False,0,0.0,0.0,0.0,0.0
207,True,False,0,0.0,0.0,0.0,0.0
208,True,False,0,0.0,0.0,0.0,0.0
209,True,False,0,0.0,0.0,0.0,0.0
210,True,True,197,365.0,408.70295150228037,1.1197341137048777,0.5538662895552644
210,True,True,309,408.70295150228037,445.5050969415985,1.0900461944403472,1.0507405461215173
210,True,True,607,445.5050969415985,193.34958764159458,0.4340008430182806,1.905846128365914
211,True,True,341,365.0,410.2703672149971,1.1240284033287593,1.165914426385484
211,True,True,453,410.2703672149971,201.09928312019477,0.49016282722366633,1.0726870813799225
212,True,False,0,0.0,0.0,0.0,0.0
213,True,False,0,0.0,0.0,0.0,0.0
214,True,False,0,0.0,0.0,0.0,0.0
215,True,False,0,0.0,0.0,0.0,0.0
216,True,True,307,365.0,359.63381593906996,0.9852981258604656,1.4882561630203197
216,True,True,368,359.63381593906996,255.88901490136936,0.7115265683044742,0.7735103617591959
217,True,False,0,0.0,0.0,0.0,0.0
218,True,False,0,0.0,0.0,0.0,0.0
219,True,False,0,0.0,0.0,0.0,0.0
220,True,False,0,0.0,0.0,0.0,0.0
221,True,False,0,0.0,0.0,0.0,0.0
222,True,False,0,0.0,0.0,0.0,0.0
223,True,False,0,0.0,0.0,0.0,0.0
224,True,True,347,7.0,7.049559787336973,1.0070799696195676,0.6113723916671903
225,True,False,0,0.0,0.0,0.0,0.0
226,True,False,0,0.0,0.0,0.0,0.0
227,True,True,137,7.0,6.703553127949579,0.9576504468499399,1.0858915764356571
227,True,True,222,6.703553127949579,5.5435124385564585,0.8269513693333042,0.4721794187079288
227,True,True,305,5.5435124385564585,8.382931222378641,1.512205720703961,2.0284795275980865
228,True,True,185,30.0,26.374905680792573,0.8791635226930857,0.8917192786723899
228,True,True,609,26.374905680792573,36.177790884410626,1.3716747017888662,1.5317334447914681
229,True,True,285,7.0,4.491289208341853,0.6416127440488362,1.3596461812115135
229,True,True,380,4.491289208341853,7.925822116623029,1.764709808021732,0.42837692276615674
229,True,True,565,7.925822116623029,7.168963966530517,0.9045073004470875,1.91391221490159
230,True,True,333,90.0,84.25600768221628,0.9361778631357365,1.1661749348020396
231,True,False,0,0.0,0.0,0.0,0.0
232,True,False,0,0.0,0.0,0.0,0.0
233,True,False,0,0.0,0.0,0.0,0.0
234,True,False,0,0.0,0.0,0.0,0.0
235,True,False,0,0.0,0.0,0.0,0.0
236,True,True,560,30.0,27.501184112371117,0.9167061370790373,1.1357623625218227
237,True,False,0,0.0,0.0,0.0,0.0
238,True,True,480,365.0,337.6853633549345,0.925165379054615,0.7619308945460476
238,True,True,585,337.6853633549345,407.45904073466687,1.2066233392129424,0.6757660475934376
239,True,False,0,0.0,0.0,0.0,0.0
240,True,True,248,7.0,5.025836029243261,0.7179765756061801,0.5036076389073043
240,True,True,427,5.025836029243261,5.312810868220954,1.057099920751076,1.5739900880019655
241,True,False,0,0.0,0.0,0.0,0.0
242,True,True,160,30.0,20.43386303095581,0.6811287676985269,1.0071959410424705
242,True,True,435,20.43386303095581,34.238023629109485,1.6755531529814691,0.7212162099925786
242,True,True,460,34.238023629109485,29.73915143747478,0.8686001201363235,1.6832871180611724
243,True,True,80,7.0,4.783411139551729,0.68334444850739,1.1678328470119124
243,True,True,321,4.783411139551729,9.288443519508764,1.9418032965444023,0.8426661897467052
243,True,True,521,9.288443519508764,7.053646789266413,0.7594002993560172,0.8464737863422068
244,True,True,430,90.0,133.80846614871223,1.4867607349856915,1.0858250131315512
244,True,True,462,133.80846614871223,55.25742011166594,0.4129590727858271,1.2420555741877752
245,True,False,0,0.0,0.0,0.0,0.0
246,True,False,0,0.0,0.0,0.0,0.0
247,True,True,407,90.0,93.86371189523058,1.0429301321692286,0.5780159207739968
248,True,True,173,7.0,8.456257714455523,1.208036816350789,0.6676493956910071
248,True,True,362,8.456257714455523,4.616669158055298,0.5459470742197635,1.1367038112700443
249,True,False,0,0.0,0.0,0.0,0.0
250,True,True,405,30.0,40.24115922449466,1.341371974149822,1.428708587957067
250,True,True,429,40.24115922449466,43.491798081368565,1.0807789566582677,0.963911278154593
250,True,True,655,43.491798081368565,16.169576192562555,0.37178449514345174,0.9302334932283309
251,True,False,0,0.0,0.0,0.0,0.0
252,True,False,0,0.0,0.0,0.0,0.0
253,True,False,0,0.0,0.0,0.0,0.0
254,True,False,0,0.0,0.0,0.0,0.0
255,True,True,167,90.0,112.58663121803184,1.2509625690892427,0.9672634540874361
256,True,True,458,7.0,6.777121972875367,0.9681602818393381,0.617384538729413
257,True,False,0,0.0,0.0,0.0,0.0
258,True,True,343,30.0,40.84954819500224,1.3616516065000748,0.7567929402534141
258,True,True,621,40.84954819500224,29.00021790445449,0.7099275068115083,1.6002436227508918
258,True,True,647,29.00021790445449,28.44080944460199,0.9807101980510783,0.712233280674398
259,True,False,0,0.0,0.0,0.0,0.0
260,True,False,0,0.0,0.0,0.0,0.0
261,True,True,341,90.0,61.40121533375392,0.6822357259305991,1.060470959476671
262,True,True,546,90.0,95.83960567755382,1.0648845075283757,1.3774354434958
263,True,True,380,30.0,22.104385175374027,0.7368128391791342,1.4422946638919971
263,True,True,395,22.104385175374027,29.02254967930357,1.3129770156030807,0.619937464548662
263,True,True,427,29.02254967930357,39.49095901160736,1.360699161444419,1.2348120072040056
264,True,False,0,0.0,0.0,0.0,0.0
265,True,True,229,7.0,7.617379712825843,1.0881971018322634,1.4437753130068665
265,True,True,261,7.617379712825843,8.941976572973271,1.1738914049298506,0.876497872719815
266,True,False,0,0.0,0.0,0.0,0.0
267,True,False,0,0.0,0.0,0.0,0.0
268,True,False,0,0.0,0.0,0.0,0.0
269,True,True,379,90.0,105.49131259450171,1.1721256954944634,0.5578601928500503
269,True,True,467,105.49131259450171,106.02196250501724,1.0050302711897736,1.8158284618076093
269,True,True,631,106.02196250501724,132.9939895717662,1.2544003754455364,0.7452123604689556
270,True,False,0,0.0,0.0,0.0,0.0
271,True,False,0,0.0,0.0,0.0,0.0
272,True,False,0,0.0,0.0,0.0,0.0
273,True,False,0,0.0,0.0,0.0,0.0
274,True,False,0,0.0,0.0,0.0,0.0
275,True,True,110,7.0,7.017720778608394,1.0025315398011991,1.4758954792371326
276,True,True,593,7.0,9.568211878581963,1.3668874112259946,0.9907534698752587
276,True,True,607,9.568211878581963,8.32144170443501,0.8696966382049091,1.2271264901491827
277,True,False,0,0.0,0.0,0.0,0.0
278,True,False,0,0.0,0.0,0.0,0.0
279,True,False,0,0.0,0.0,0.0,0.0
280,True,False,0,0.0,0.0,0.0,0.0
281,True,True,257,30.0,30.931123483726736,1.0310374494575578,1.1958642240017547
281,True,True,300,30.931123483726736,38.97935687802955,1.260198547218535,0.8035997341203068
281,True,True,375,38.97935687802955,35.9076808049963,0.9211973639625498,1.3768635533228766
282,True,False,0,0.0,0.0,0.0,0.0
283,True,False,0,0.0,0.0,0.0,0.0
284,True,False,0,0.0,0.0,0.0,0.0
285,True,True,150,30.0,43.56370177998445,1.4521233926661483,1.1669487143337942
286,True,False,0,0.0,0.0,0.0,0.0
287,True,False,0,0.0,0.0,0.0,0.0
288,True,False,0,0.0,0.0,0.0,0.0
289,True,False,0,0.0,0.0,0.0,0.0
290,True,True,210,7.0,8.473590104345144,1.2105128720493064,1.2079070171212414
290,True,True,448,8.473590104345144,7.712262576062203,0.9101528963629546,0.6157938200143742
291,True,False,0,0.0,0.0,0.0,0.0
292,True,False,0,0.0,0.0,0.0,0.0
293,True,False,0,0.0,0.0,0.0,0.0
294,True,False,0,0.0,0.0,0.0,0.0
295,True,False,0,0.0,0.0,0.0,0.0
296,True,False,0,0.0,0.0,0.0,0.0
297,True,False,0,0.0,0.0,0.0,0.0
298,True,True,149,7.0,4.889691829717163,0.698527404245309,1.3416820113113495
298,True,True,608,4.889691829717163,9.906574087068758,2.026011951686082,0.46259055346410133
299,True,True,549,7.0,4.820871813718762,0.6886959733883946,1.1103331476455551
299,True,True,643,4.820871813718762,8.277753092865096,1.7170655874543441,0.9550621849748248
300,True,False,0,0.0,0.0,0.0,0.0
301,True,False,0,0.0,0.0,0.0,0.0
302,True,False,0,0.0,0.0,0.0,0.0
303,True,False,0,0.0,0.0,0.0,0.0
304,True,False,0,0.0,0.0,0.0,0.0
305,True,True,76,7.0,4.195629622697892,0.5993756603854131,0.9448709364641827
305,True,True,227,4.195629622697892,3.6685918909428357,0.8743841141496761,0.5750572123797608
305,True,True,337,3.6685918909428357,6.136420484546186,1.672690957992908,2.650829308669907
306,True,False,0,0.0,0.0,0.0,0.0
307,True,True,84,7.0,10.245545280403494,1.4636493257719276,0.6787928859898175
307,True,True,85,10.245545280403494,9.574098956165395,0.9344645593902782,1.747162002183927
308,True,True,408,7.0,4.5437853566865245,0.6491121938123606,0.9180922365461516
308,True,True,468,4.5437853566865245,4.645259250319075,1.0223324575583712,1.1843530519543524
308,True,True,612,4.645259250319075,10.121950433164827,2.1789850442619683,0.7034340577446668
309,True,False,0,0.0,0.0,0.0,0.0
310,True,False,0,0.0,0.0,0.0,0.0
311,True,False,0,0.0,0.0,0.0,0.0
312,True,False,0,0.0,0.0,0.0,0.0
313,True,False,0,0.0,0.0,0.0,0.0
314,True,False,0,0.0,0.0,0.0,0.0
315,True,True,328,30.0,15.476175341282405,0.5158725113760801,0.5576040874911891
316,True,False,0,0.0,0.0,0.0,0.0
317,True,False,0,0.0,0.0,0.0,0.0
318,True,True,240,7.0,5.3536452722425,0.7648064674632142,0.7420385752554107
319,True,False,0,0.0,0.0,0.0,0.0
320,True,False,0,0.0,0.0,0.0,0.0
321,True,False,0,0.0,0.0,0.0,0.0
322,True,False,0,0.0,0.0,0.0,0.0
323,True,False,0,0.0,0.0,0.0,0.0
324,True,False,0,0.0,0.0,0.0,0.0
325,True,True,195,30.0,34.957921826494015,1.165264060883134,0.9106753930501205
325,True,True,641,34.957921826494015,15.387921615235655,0.4401841073851653,1.0092644062657983
326,True,False,0,0.0,0.0,0.0,0.0
327,True,False,0,0.0,0.0,0.0,0.0
328,True,False,0,0.0,0.0,0.0,0.0
329,True,False,0,0.0,0.0,0.0,0.0
330,True,True,518,30.0,44.31688816850266,1.4772296056167553,1.0010117990035712
331,True,False,0,0.0,0.0,0.0,0.0
332,True,False,0,0.0,0.0,0.0,0.0
333,True,False,0,0.0,0.0,0.0,0.0
334,True,False,0,0.0,0.0,0.0,0.0
335,True,True,422,7.0,6.959073990798236,0.9941534272568909,0.6797978893811288
335,True,True,598,6.959073990798236,3.598362691541605,0.5170749292649577,0.7518236855425424
335,True,True,648,3.598362691541605,4.045156853821596,1.1241659611829111,1.6558360443328304
336,True,False,0,0.0,0.0,0.0,0.0
337,True,False,0,0.0,0.0,0.0,0.0
338,True,False,0,0.0,0.0,0.0,0.0
339,True,False,0,0.0,0.0,0.0,0.0
340,True,False,0,0.0,0.0,0.0,0.0
341,True,False,0,0.0,0.0,0.0,0.0
342,True,True,235,30.0,37.04981383087112,1.2349937943623708,0.841815259044608
342,True,True,353,37.04981383087112,28.785023377857524,0.7769276118163081,0.8110338424950432
342,True,True,445,28.785023377857524,36.674263376372,1.2740744690373662,1.619016263988209
343,True,False,0,0.0,0.0,0.0,0.0
344,True,False,0,0.0,0.0,0.0,0.0
345,True,False,0,0.0,0.0,0.0,0.0
346,True,False,0,0.0,0.0,0.0,0.0
347,True,False,0,0.0,0.0,0.0,0.0
348,True,False,0,0.0,0.0,0.0,0.0
349,True,True,218,7.0,6.011581100200939,0.8587973000287056,1.2731895672465543
349,True,True,437,6.011581100200939,8.654318905548244,1.4396077772716018,0.45627684878189545
349,True,True,518,8.654318905548244,7.029189978335332,0.8122175823482713,1.6478805572471544
350,True,False,0,0.0,0.0,0.0,0.0
351,True,True,84,90.0,82.76232263793912,0.919581362643768,1.281661373168432
351,True,True,279,82.76232263793912,45.65869788497914,0.5516845882240708,0.6860668640951207
351,True,True,383,45.65869788497914,52.187321725211625,1.1429875170045154,1.099098776301573
352,True,False,0,0.0,0.0,0.0,0.0
353,True,False,0,0.0,0.0,0.0,0.0
354,True,False,0,0.0,0.0,0.0,0.0
355,True,False,0,0.0,0.0,0.0,0.0
356,True,False,0,0.0,0.0,0.0,0.0
357,True,False,0,0.0,0.0,0.0,0.0
358,True,False,0,0.0,0.0,0.0,0.0
359,True,False,0,0.0,0.0,0.0,0.0
360,True,False,0,0.0,0.0,0.0,0.0
361,True,True,460,7.0,6.404752143199535,0.9149645918856478,1.2407589280322875
361,True,True,519,6.404752143199535,9.843379975227265,1.5368869481825007,1.0536046894756341
362,True,False,0,0.0,0.0,0.0,0.0
363,True,False,0,0.0,0.0,0.0,0.0
364,True,False,0,0.0,0.0,0.0,0.0
365,True,False,0,0.0,0.0,0.0,0.0
366,True,False,0,0.0,0.0,0.0,0.0
367,True,False,0,0.0,0.0,0.0,0.0
368,True,False,0,0.0,0.0,0.0,0.0
369,True,False,0,0.0,0.0,0.0,0.0
370,True,False,0,0.0,0.0,0.0,0.0
371,True,False,0,0.0,0.0,0.0,0.0
372,True,True,173,30.0,28.31594657288463,0.943864885762821,0.5360600628026505
372,True,True,210,28.31594657288463,41.976539118999966,1.4824346066253964,1.5030072052737715
372,True,True,250,41.976539118999966,38.672956549502175,0.9212993105474367,0.9598288783968998
373,True,True,190,30.0,42.35018120955063,1.4116727069850208,1.4600950325114348
373,True,True,367,42.35018120955063,35.75008811410011,0.8441543127574128,0.6815150915960881
373,True,True,426,35.75008811410011,22.280648073980277,0.6232333750582455,1.085618059427959
374,True,False,0,0.0,0.0,0.0,0.0
375,True,False,0,0.0,0.0,0.0,0.0
376,True,False,0,0.0,0.0,0.0,0.0
377,True,False,0,0.0,0.0,0.0,0.0
378,True,False,0,0.0,0.0,0.0,0.0
379,True,False,0,0.0,0.0,0.0,0.0
380,True,False,0,0.0,0.0,0.0,0.0
381,True,False,0,0.0,0.0,0.0,0.0
382,True,False,0,0.0,0.0,0.0,0.0
383,True,True,435,7.0,3.8226307951529908,0.5460901135932844,1.0772719894173175
384,True,False,0,0.0,0.0,0.0,0.0
385,True,False,0,0.0,0.0,0.0,0.0
386,True,False,0,0.0,0.0,0.0,0.0
387,True,True,263,7.0,7.382249846929335,1.054607120989905,0.5900601965310829
388,True,False,0,0.0,0.0,0.0,0.0
389,True,False,0,0.0,0.0,0.0,0.0
390,True,False,0,0.0,0.0,0.0,0.0
391,True,False,0,0.0,0.0,0.0,0.0
392,True,True,93,7.0,5.03087246750542,0.7186960667864886,1.4956309783130313
392,True,True,187,5.03087246750542,8.909435164488455,1.7709522994341054,0.4920655368427708
392,True,True,602,8.909435164488455,4.335767117215789,0.4866489330880867,0.982761986393821
393,True,False,0,0.0,0.0,0.0,0.0
394,True,False,0,0.0,0.0,0.0,0.0
395,True,True,168,30.0,16.103767669251592,0.5367922556417197,1.4065986436474394
395,True,True,648,16.103767669251592,32.15207177764535,1.9965558643171597,0.38408540742158465
396,True,True,272,7.0,8.767032242821548,1.2524331775459354,1.1852349957795227
396,True,True,375,8.767032242821548,8.808396197426115,1.0047181250688835,1.260062084520093
397,True,True,234,30.0,29.856617958752885,0.9952205986250962,1.1841358536450017
397,True,True,574,29.856617958752885,21.124379510024088,0.7075275417734037,1.189064822126435
398,True,False,0,0.0,0.0,0.0,0.0
399,True,False,0,0.0,0.0,0.0,0.0
400,True,True,247,30.0,23.396064856138654,0.7798688285379551,0.7132399412308587
400,True,True,469,23.396064856138654,31.919799786312744,1.3643234442452674,1.5988838315347673
401,True,False,0,0.0,0.0,0.0,0.0
402,True,False,0,0.0,0.0,0.0,0.0
403,True,False,0,0.0,0.0,0.0,0.0
404,True,False,0,0.0,0.0,0.0,0.0
405,True,True,81,7.0,6.099011823532419,0.8712874033617741,0.9546807768601491
405,True,True,153,6.099011823532419,3.6477837612102135,0.598094226860753,0.904931118319314
405,True,True,484,3.6477837612102135,3.6449000078492926,0.9992094505733629,1.1702642073235392
406,True,False,0,0.0,0.0,0.0,0.0
407,True,True,311,7.0,4.793662172337843,0.684808881762549,1.2174717005317799
407,True,True,460,4.793662172337843,8.528014442167676,1.7790186574638425,0.558557101896375
408,True,False,0,0.0,0.0,0.0,0.0
409,True,True,78,7.0,4.632585303672273,0.6617979005246104,1.2721875076700415
409,True,True,520,4.632585303672273,3.572075847354709,0.7710761083067607,0.9107116268061147
409,True,True,618,3.572075847354709,4.342936686411933,1.2158019235868363,0.49102970366665144
410,True,False,0,0.0,0.0,0.0,0.0
411,True,False,0,0.0,0.0,0.0,0.0
412,True,False,0,0.0,0.0,0.0,0.0
413,True,False,0,0.0,0.0,0.0,0.0
414,True,False,0,0.0,0.0,0.0,0.0
415,True,False,0,0.0,0.0,0.0,0.0
416,True,True,533,7.0,6.017607853082385,0.859658264726055,0.7846593162213056
417,True,False,0,0.0,0.0,0.0,0.0
418,True,False,0,0.0,0.0,0.0,0.0
419,True,False,0,0.0,0.0,0.0,0.0
420,True,False,0,0.0,0.0,0.0,0.0
421,True,False,0,0.0,0.0,0.0,0.0
422,True,True,486,7.0,3.631104374436844,0.5187291963481205,1.42891206868155
422,True,True,538,3.631104374436844,3.6348097725968964,1.0010204603828352,0.590943404574562
423,True,True,502,30.0,40.07524570076114,1.3358415233587047,0.6800728241944709
424,True,False,0,0.0,0.0,0.0,0.0
425,True,False,0,0.0,0.0,0.0,0.0
426,True,False,0,0.0,0.0,0.0,0.0
427,True,False,0,0.0,0.0,0.0,0.0
428,True,False,0,0.0,0.0,0.0,0.0
429,True,True,212,30.0,18.728366676467626,0.6242788892155875,0.8064655451612953
429,True,True,471,18.728366676467626,31.173751584888297,1.6645205705022006,0.8793530606630386
429,True,True,481,31.173751584888297,41.577247747706785,1.333726152095908,2.0869194759114724
430,True,False,0,0.0,0.0,0.0,0.0
431,True,True,351,30.0,31.997822932936796,1.0665940977645598,0.5477751584138192
431,True,True,378,31.997822932936796,23.671574915301246,0.7397870462910472,1.0449652051435683
431,True,True,470,23.671574915301246,15.58192533299893,0.6582546952939246,1.5575274268837924
432,True,True,389,7.0,6.350374523814807,0.9071963605449724,1.3715007072275944
432,True,True,497,6.350374523814807,3.648865879318032,0.5745906584933324,0.37667190484039853
432,True,True,565,3.648865879318032,3.5654312346059154,0.9771340883793431,1.975397135620848
433,True,True,380,7.0,8.853766510530154,1.2648237872185935,0.7838011091763797
433,True,True,498,8.853766510530154,5.79598340913807,0.6546347706645149,1.3207153139284213
434,True,True,227,90.0,82.70496434713498,0.9189440483014997,1.2882715257285824
434,True,True,580,82.70496434713498,82.75764199902555,1.0006369345819373,0.5106496236145365
435,True,False,0,0.0,0.0,0.0,0.0
436,True,True,346,7.0,5.581776035184132,0.7973965764548759,0.5547439771812673
436,True,True,476,5.581776035184132,9.652050460004071,1.7292077645472332,2.27591931704638
436,True,True,543,9.652050460004071,10.222783772236248,1.0591307841372326,1.1043010301974376
437,True,False,0,0.0,0.0,0.0,0.0
438,True,True,315,7.0,4.6990173373601705,0.6712881910514529,1.3227617125435485
438,True,True,595,4.6990173373601705,8.81207702363326,1.8753020878581685,0.47333026914718157
438,True,True,650,8.81207702363326,9.092839525128321,1.0318611038852792,0.8076525893911561
439,True,True,212,30.0,41.321103210364946,1.377370107012165,1.2491583991976092
439,True,True,326,41.321103210364946,35.41316787581464,0.8570237753703449,0.5410913535417062
439,True,True,343,35.41316787581464,28.824566215737715,0.8139505145887668,0.8952537515686072
440,True,True,179,30.0,30.09701775214935,1.0032339250716449,1.2477002428376216
440,True,True,357,30.09701775214935,32.824907668423904,1.0906365520577117,1.1343131586754571
440,True,True,575,32.824907668423904,15.54915647760828,0.4736999303905392,0.9874821624718065
441,True,False,0,0.0,0.0,0.0,0.0
442,True,False,0,0.0,0.0,0.0,0.0
443,True,False,0,0.0,0.0,0.0,0.0
444,True,False,0,0.0,0.0,0.0,0.0
445,True,False,0,0.0,0.0,0.0,0.0
446,True,False,0,0.0,0.0,0.0,0.0
447,True,False,0,0.0,0.0,0.0,0.0
448,True,True,346,7.0,3.5545385479341234,0.5077912211334462,1.4434901226669248
448,True,True,427,3.5545385479341234,10.385468651737817,2.9217487760187013,0.8925448746361577
449,True,True,348,30.0,38.32333831711921,1.2774446105706403,1.3978749134232975
449,True,True,457,38.32333831711921,25.060456881556693,0.6539215522976002,0.890957393198466
449,True,True,551,25.060456881556693,33.57850392223528,1.3398999100829427,0.9031088579803743
450,True,True,420,7.0,9.366981584637697,1.3381402263768138,1.4374076627368477
450,True,True,587,9.366981584637697,10.41203580816297,1.1115678742487562,0.760958263245725
451,True,False,0,0.0,0.0,0.0,0.0
452,True,False,0,0.0,0.0,0.0,0.0
453,True,False,0,0.0,0.0,0.0,0.0
454,True,False,0,0.0,0.0,0.0,0.0
455,True,False,0,0.0,0.0,0.0,0.0
456,True,False,0,0.0,0.0,0.0,0.0
457,True,True,208,7.0,9.871446589978007,1.410206655711144,0.6101951973537196
457,True,True,509,9.871446589978007,9.924828992782306,1.0054077588646932,1.3959086315702267
458,True,False,0,0.0,0.0,0.0,0.0
459,True,True,442,7.0,5.57325779675234,0.7961796852503342,0.9696660664882679
459,True,True,479,5.57325779675234,7.215413522279599,1.2946491595067036,0.7179652827125491
460,True,False,0,0.0,0.0,0.0,0.0
461,True,True,234,7.0,3.6084155058006946,0.5154879294000992,1.041762661704127
462,True,False,0,0.0,0.0,0.0,0.0
463,True,False,0,0.0,0.0,0.0,0.0
464,True,False,0,0.0,0.0,0.0,0.0
465,True,False,0,0.0,0.0,0.0,0.0
466,True,False,0,0.0,0.0,0.0,0.0
467,True,True,222,30.0,26.679080456997973,0.8893026818999324,1.0634065924283957
467,True,True,239,26.679080456997973,22.326699189101472,0.836861646153368,0.5833213062119642
467,True,True,450,22.326699189101472,15.10182883865967,0.6764022173968044,2.061014200215273
468,True,False,0,0.0,0.0,0.0,0.0
469,True,False,0,0.0,0.0,0.0,0.0
470,True,False,0,0.0,0.0,0.0,0.0
471,True,False,0,0.0,0.0,0.0,0.0
472,True,True,129,30.0,31.464475036880216,1.048815834562674,0.6856491601407042
472,True,True,229,31.464475036880216,42.43245172798783,1.3485828598205374,1.3728246147331633
472,True,True,598,42.43245172798783,16.418666800922203,0.3869365575709284,1.204170204216016
473,True,True,201,7.0,8.647443159753264,1.2353490228218948,1.1438274861590667
473,True,True,435,8.647443159753264,3.845412255577933,0.44468777470260396,0.6010544519833539
474,True,False,0,0.0,0.0,0.0,0.0
475,True,True,324,365.0,508.22835684473847,1.3924064571088726,0.9369185036511428
476,True,False,0,0.0,0.0,0.0,0.0
477,True,False,0,0.0,0.0,0.0,0.0
478,True,True,433,90.0,90.86264175297416,1.0095849083663795,1.0958989900171323
479,True,True,165,7.0,3.607672777358601,0.515381825336943,0.7428944597807817
479,True,True,472,3.607672777358601,10.280731305354736,2.849685085043076,0.9516653792712481
479,True,True,570,10.280731305354736,6.847642311486551,0.6660656823041319,0.9318641998448742
480,True,False,0,0.0,0.0,0.0,0.0
481,True,False,0,0.0,0.0,0.0,0.0
482,True,False,0,0.0,0.0,0.0,0.0
483,True,False,0,0.0,0.0,0.0,0.0
484,True,False,0,0.0,0.0,0.0,0.0
485,True,False,0,0.0,0.0,0.0,0.0
486,True,False,0,0.0,0.0,0.0,0.0
487,True,False,0,0.0,0.0,0.0,0.0
488,True,False,0,0.0,0.0,0.0,0.0
489,True,False,0,0.0,0.0,0.0,0.0
490,True,True,132,7.0,5.4669241614861095,0.7809891659265871,0.5269707601565384
491,True,False,0,0.0,0.0,0.0,0.0
492,True,False,0,0.0,0.0,0.0,0.0
493,True,False,0,0.0,0.0,0.0,0.0
494,True,False,0,0.0,0.0,0.0,0.0
495,True,False,0,0.0,0.0,0.0,0.0
496,True,True,180,365.0,279.2325257203812,0.7650206184120033,1.3329655068268687
496,True,True,595,279.2325257203812,474.71834680649096,1.700082558726937,0.48739435517905555
497,True,False,0,0.0,0.0,0.0,0.0
498,True,False,0,0.0,0.0,0.0,0.0
499,True,False,0,0.0,0.0,0.0,0.0
500,False,False,0,0.0,0.0,0.0,0.0
501,False,False,0,0.0,0.0,0.0,0.0
502,False,False,0,0.0,0.0,0.0,0.0
503,False,False,0,0.0,0.0,0.0,0.0
504,False,False,0,0.0,0.0,0.0,0.0
505,False,False,0,0.0,0.0,0.0,0.0
506,False,False,0,0.0,0.0,0.0,0.0
507,False,False,0,0.0,0.0,0.0,0.0
508,False,False,0,0.0,0.0,0.0,0.0
509,False,False,0,0.0,0.0,0.0,0.0
510,False,False,0,0.0,0.0,0.0,0.0
511,False,False,0,0.0,0.0,0.0,0.0
512,False,False,0,0.0,0.0,0.0,0.0
513,False,False,0,0.0,0.0,0.0,0.0
514,False,False,0,0.0,0.0,0.0,0.0
515,False,False,0,0.0,0.0,0.0,0.0
516,False,False,0,0.0,0.0,0.0,0.0
517,False,False,0,0.0,0.0,0.0,0.0
518,False,False,0,0.0,0.0,0.0,0.0
519,False,False,0,0.0,0.0,0.0,0.0
520,False,False,0,0.0,0.0,0.0,0.0
521,False,False,0,0.0,0.0,0.0,0.0
522,False,False,0,0.0,0.0,0.0,0.0
523,False,False,0,0.0,0.0,0.0,0.0
524,False,False,0,0.0,0.0,0.0,0.0
525,False,False,0,0.0,0.0,0.0,0.0
526,False,False,0,0.0,0.0,0.0,0.0
527,False,False,0,0.0,0.0,0.0,0.0
528,False,False,0,0.0,0.0,0.0,0.0
529,False,False,0,0.0,0.0,0.0,0.0
530,False,False,0,0.0,0.0,0.0,0.0
531,False,False,0,0.0,0.0,0.0,0.0
532,False,False,0,0.0,0.0,0.0,0.0
533,False,False,0,0.0,0.0,0.0,0.0
534,False,False,0,0.0,0.0,0.0,0.0
535,False,False,0,0.0,0.0,0.0,0.0
536,False,False,0,0.0,0.0,0.0,0.0
537,False,False,0,0.0,0.0,0.0,0.0
538,False,False,0,0.0,0.0,0.0,0.0
539,False,False,0,0.0,0.0,0.0,0.0
540,False,False,0,0.0,0.0,0.0,0.0
541,False,False,0,0.0,0.0,0.0,0.0
542,False,False,0,0.0,0.0,0.0,0.0
543,False,False,0,0.0,0.0,0.0,0.0
544,False,False,0,0.0,0.0,0.0,0.0
545,False,False,0,0.0,0.0,0.0,0.0
546,False,False,0,0.0,0.0,0.0,0.0
547,False,False,0,0.0,0.0,0.0,0.0
548,False,False,0,0.0,0.0,0.0,0.0
549,False,False,0,0.0,0.0,0.0,0.0
550,False,False,0,0.0,0.0,0.0,0.0
551,False,False,0,0.0,0.0,0.0,0.0
552,False,False,0,0.0,0.0,0.0,0.0
553,False,False,0,0.0,0.0,0.0,0.0
554,False,False,0,0.0,0.0,0.0,0.0
555,False,False,0,0.0,0.0,0.0,0.0
556,False,False,0,0.0,0.0,0.0,0.0
557,False,False,0,0.0,0.0,0.0,0.0
558,False,False,0,0.0,0.0,0.0,0.0
559,False,False,0,0.0,0.0,0.0,0.0
560,False,False,0,0.0,0.0,0.0,0.0
561,False,False,0,0.0,0.0,0.0,0.0
562,False,False,0,0.0,0.0,0.0,0.0
563,False,False,0,0.0,0.0,0.0,0.0
564,False,False,0,0.0,0.0,0.0,0.0
565,False,False,0,0.0,0.0,0.0,0.0
566,False,False,0,0.0,0.0,0.0,0.0
567,False,False,0,0.0,0.0,0.0,0.0
568,False,False,0,0.0,0.0,0.0,0.0
569,False,False,0,0.0,0.0,0.0,0.0
570,False,False,0,0.0,0.0,0.0,0.0
571,False,False,0,0.0,0.0,0.0,0.0
572,False,False,0,0.0,0.0,0.0,0.0
573,False,False,0,0.0,0.0,0.0,0.0
574,False,False,0,0.0,0.0,0.0,0.0
575,False,False,0,0.0,0.0,0.0,0.0
576,False,False,0,0.0,0.0,0.0,0.0
577,False,False,0,0.0,0.0,0.0,0.0
578,False,False,0,0.0,0.0,0.0,0.0
579,False,False,0,0.0,0.0,0.0,0.0
580,False,False,0,0.0,0.0,0.0,0.0
581,False,False,0,0.0,0.0,0.0,0.0
582,False,False,0,0.0,0.0,0.0,0.0
583,False,False,0,0.0,0.0,0.0,0.0
584,False,False,0,0.0,0.0,0.0,0.0
585,False,False,0,0.0,0.0,0.0,0.0
586,False,False,0,0.0,0.0,0.0,0.0
587,False,False,0,0.0,0.0,0.0,0.0
588,False,False,0,0.0,0.0,0.0,0.0
589,False,False,0,0.0,0.0,0.0,0.0
590,False,False,0,0.0,0.0,0.0,0.0
591,False,False,0,0.0,0.0,0.0,0.0
592,False,False,0,0.0,0.0,0.0,0.0
593,False,False,0,0.0,0.0,0.0,0.0
594,False,False,0,0.0,0.0,0.0,0.0
595,False,False,0,0.0,0.0,0.0,0.0
596,False,False,0,0.0,0.0,0.0,0.0
597,False,False,0,0.0,0.0,0.0,0.0
598,False,False,0,0.0,0.0,0.0,0.0
599,False,False,0,0.0,0.0,0.0,0.0
600,False,False,0,0.0,0.0,0.0,0.0
601,False,False,0,0.0,0.0,0.0,0.0
602,False,False,0,0.0,0.0,0.0,0.0
603,False,False,0,0.0,0.0,0.0,0.0
604,False,False,0,0.0,0.0,0.0,0.0
605,False,False,0,0.0,0.0,0.0,0.0
606,False,False,0,0.0,0.0,0.0,0.0
607,False,False,0,0.0,0.0,0.0,0.0
608,False,False,0,0.0,0.0,0.0,0.0
609,False,False,0,0.0,0.0,0.0,0.0
610,False,False,0,0.0,0.0,0.0,0.0
611,False,False,0,0.0,0.0,0.0,0.0
612,False,False,0,0.0,0.0,0.0,0.0
613,False,False,0,0.0,0.0,0.0,0.0
614,False,False,0,0.0,0.0,0.0,0.0
615,False,False,0,0.0,0.0,0.0,0.0
616,False,False,0,0.0,0.0,0.0,0.0
617,False,False,0,0.0,0.0,0.0,0.0
618,False,False,0,0.0,0.0,0.0,0.0
619,False,False,0,0.0,0.0,0.0,0.0
620,False,False,0,0.0,0.0,0.0,0.0
621,False,False,0,0.0,0.0,0.0,0.0
622,False,False,0,0.0,0.0,0.0,0.0
623,False,False,0,0.0,0.0,0.0,0.0
624,False,False,0,0.0,0.0,0.0,0.0
625,False,False,0,0.0,0.0,0.0,0.0
626,False,False,0,0.0,0.0,0.0,0.0
627,False,False,0,0.0,0.0,0.0,0.0
628,False,False,0,0.0,0.0,0.0,0.0
629,False,False,0,0.0,0.0,0.0,0.0
630,False,False,0,0.0,0.0,0.0,0.0
631,False,False,0,0.0,0.0,0.0,0.0
632,False,False,0,0.0,0.0,0.0,0.0
633,False,False,0,0.0,0.0,0.0,0.0
634,False,False,0,0.0,0.0,0.0,0.0
635,False,False,0,0.0,0.0,0.0,0.0
636,False,False,0,0.0,0.0,0.0,0.0
637,False,False,0,0.0,0.0,0.0,0.0
638,False,False,0,0.0,0.0,0.0,0.0
639,False,False,0,0.0,0.0,0.0,0.0
640,False,False,0,0.0,0.0,0.0,0.0
641,False,False,0,0.0,0.0,0.0,0.0
642,False,False,0,0.0,0.0,0.0,0.0
643,False,False,0,0.0,0.0,0.0,0.0
644,False,False,0,0.0,0.0,0.0,0.0
645,False,False,0,0.0,0.0,0.0,0.0
646,False,False,0,0.0,0.0,0.0,0.0
647,False,False,0,0.0,0.0,0.0,0.0
648,False,False,0,0.0,0.0,0.0,0.0
649,False,False,0,0.0,0.0,0.0,0.0
650,False,False,0,0.0,0.0,0.0,0.0
651,False,False,0,0.0,0.0,0.0,0.0
652,False,False,0,0.0,0.0,0.0,0.0
653,False,False,0,0.0,0.0,0.0,0.0
654,False,False,0,0.0,0.0,0.0,0.0
655,False,False,0,0.0,0.0,0.0,0.0
656,False,False,0,0.0,0.0,0.0,0.0
657,False,False,0,0.0,0.0,0.0,0.0
658,False,False,0,0.0,0.0,0.0,0.0
659,False,False,0,0.0,0.0,0.0,0.0
660,False,False,0,0.0,0.0,0.0,0.0
661,False,False,0,0.0,0.0,0.0,0.0
662,False,False,0,0.0,0.0,0.0,0.0
663,False,False,0,0.0,0.0,0.0,0.0
664,False,False,0,0.0,0.0,0.0,0.0
665,False,False,0,0.0,0.0,0.0,0.0
666,False,False,0,0.0,0.0,0.0,0.0
667,False,False,0,0.0,0.0,0.0,0.0
668,False,False,0,0.0,0.0,0.0,0.0
669,False,False,0,0.0,0.0,0.0,0.0
670,False,False,0,0.0,0.0,0.0,0.0
671,False,False,0,0.0,0.0,0.0,0.0
672,False,False,0,0.0,0.0,0.0,0.0
673,False,False,0,0.0,0.0,0.0,0.0
674,False,False,0,0.0,0.0,0.0,0.0
675,False,False,0,0.0,0.0,0.0,0.0
676,False,False,0,0.0,0.0,0.0,0.0
677,False,False,0,0.0,0.0,0.0,0.0
678,False,False,0,0.0,0.0,0.0,0.0
679,False,False,0,0.0,0.0,0.0,0.0
680,False,False,0,0.0,0.0,0.0,0.0
681,False,False,0,0.0,0.0,0.0,0.0
682,False,False,0,0.0,0.0,0.0,0.0
683,False,False,0,0.0,0.0,0.0,0.0
684,False,False,0,0.0,0.0,0.0,0.0
685,False,False,0,0.0,0.0,0.0,0.0
686,False,False,0,0.0,0.0,0.0,0.0
687,False,False,0,0.0,0.0,0.0,0.0
688,False,False,0,0.0,0.0,0.0,0.0
689,False,False,0,0.0,0.0,0.0,0.0
690,False,False,0,0.0,0.0,0.0,0.0
691,False,False,0,0.0,0.0,0.0,0.0
692,False,False,0,0.0,0.0,0.0,0.0
693,False,False,0,0.0,0.0,0.0,0.0
694,False,False,0,0.0,0.0,0.0,0.0
695,False,False,0,0.0,0.0,0.0,0.0
696,False,False,0,0.0,0.0,0.0,0.0
697,False,False,0,0.0,0.0,0.0,0.0
698,False,False,0,0.0,0.0,0.0,0.0
699,False,False,0,0.0,0.0,0.0,0.0
700,False,False,0,0.0,0.0,0.0,0.0
701,False,False,0,0.0,0.0,0.0,0.0
702,False,False,0,0.0,0.0,0.0,0.0
703,False,False,0,0.0,0.0,0.0,0.0
704,False,False,0,0.0,0.0,0.0,0.0
705,False,False,0,0.0,0.0,0.0,0.0
706,False,False,0,0.0,0.0,0.0,0.0
707,False,False,0,0.0,0.0,0.0,0.0
708,False,False,0,0.0,0.0,0.0,0.0
709,False,False,0,0.0,0.0,0.0,0.0
710,False,False,0,0.0,0.0,0.0,0.0
711,False,False,0,0.0,0.0,0.0,0.0
712,False,False,0,0.0,0.0,0.0,0.0
713,False,False,0,0.0,0.0,0.0,0.0
714,False,False,0,0.0,0.0,0.0,0.0
715,False,False,0,0.0,0.0,0.0,0.0
716,False,False,0,0.0,0.0,0.0,0.0
717,False,False,0,0.0,0.0,0.0,0.0
718,False,False,0,0.0,0.0,0.0,0.0
719,False,False,0,0.0,0.0,0.0,0.0
720,False,False,0,0.0,0.0,0.0,0.0
721,False,False,0,0.0,0.0,0.0,0.0
722,False,False,0,0.0,0.0,0.0,0.0
723,False,False,0,0.0,0.0,0.0,0.0
724,False,False,0,0.0,0.0,0.0,0.0
725,False,False,0,0.0,0.0,0.0,0.0
726,False,False,0,0.0,0.0,0.0,0.0
727,False,False,0,0.0,0.0,0.0,0.0
728,False,False,0,0.0,0.0,0.0,0.0
729,False,False,0,0.0,0.0,0.0,0.0
730,False,False,0,0.0,0.0,0.0,0.0
731,False,False,0,0.0,0.0,0.0,0.0
732,False,False,0,0.0,0.0,0.0,0.0
733,False,False,0,0.0,0.0,0.0,0.0
734,False,False,0,0.0,0.0,0.0,0.0
735,False,False,0,0.0,0.0,0.0,0.0
736,False,False,0,0.0,0.0,0.0,0.0
737,False,False,0,0.0,0.0,0.0,0.0
738,False,False,0,0.0,0.0,0.0,0.0
739,False,False,0,0.0,0.0,0.0,0.0
740,False,False,0,0.0,0.0,0.0,0.0
741,False,False,0,0.0,0.0,0.0,0.0
742,False,False,0,0.0,0.0,0.0,0.0
743,False,False,0,0.0,0.0,0.0,0.0
744,False,False,0,0.0,0.0,0.0,0.0
745,False,False,0,0.0,0.0,0.0,0.0
746,False,False,0,0.0,0.0,0.0,0.0
747,False,False,0,0.0,0.0,0.0,0.0
748,False,False,0,0.0,0.0,0.0,0.0
749,False,False,0,0.0,0.0,0.0,0.0
750,False,False,0,0.0,0.0,0.0,0.0
751,False,False,0,0.0,0.0,0.0,0.0
752,False,False,0,0.0,0.0,0.0,0.0
753,False,False,0,0.0,0.0,0.0,0.0
754,False,False,0,0.0,0.0,0.0,0.0
755,False,False,0,0.0,0.0,0.0,0.0
756,False,False,0,0.0,0.0,0.0,0.0
757,False,False,0,0.0,0.0,0.0,0.0
758,False,False,0,0.0,0.0,0.0,0.0
759,False,False,0,0.0,0.0,0.0,0.0
760,False,False,0,0.0,0.0,0.0,0.0
761,False,False,0,0.0,0.0,0.0,0.0
762,False,False,0,0.0,0.0,0.0,0.0
763,False,False,0,0.0,0.0,0.0,0.0
764,False,False,0,0.0,0.0,0.0,0.0
765,False,False,0,0.0,0.0,0.0,0.0
766,False,False,0,0.0,0.0,0.0,0.0
767,False,False,0,0.0,0.0,0.0,0.0
768,False,False,0,0.0,0.0,0.0,0.0
769,False,False,0,0.0,0.0,0.0,0.0
770,False,False,0,0.0,0.0,0.0,0.0
771,False,False,0,0.0,0.0,0.0,0.0
772,False,False,0,0.0,0.0,0.0,0.0
773,False,False,0,0.0,0.0,0.0,0.0
774,False,False,0,0.0,0.0,0.0,0.0
775,False,False,0,0.0,0.0,0.0,0.0
776,False,False,0,0.0,0.0,0.0,0.0
777,False,False,0,0.0,0.0,0.0,0.0
778,False,False,0,0.0,0.0,0.0,0.0
779,False,False,0,0.0,0.0,0.0,0.0
780,False,False,0,0.0,0.0,0.0,0.0
781,False,False,0,0.0,0.0,0.0,0.0
782,False,False,0,0.0,0.0,0.0,0.0
783,False,False,0,0.0,0.0,0.0,0.0
784,False,False,0,0.0,0.0,0.0,0.0
785,False,False,0,0.0,0.0,0.0,0.0
786,False,False,0,0.0,0.0,0.0,0.0
787,False,False,0,0.0,0.0,0.0,0.0
788,False,False,0,0.0,0.0,0.0,0.0
789,False,False,0,0.0,0.0,0.0,0.0
790,False,False,0,0.0,0.0,0.0,0.0
791,False,False,0,0.0,0.0,0.0,0.0
792,False,False,0,0.0,0.0,0.0,0.0
793,False,False,0,0.0,0.0,0.0,0.0
794,False,False,0,0.0,0.0,0.0,0.0
795,False,False,0,0.0,0.0,0.0,0.0
796,False,False,0,0.0,0.0,0.0,0.0
797,False,False,0,0.0,0.0,0.0,0.0
798,False,False,0,0.0,0.0,0.0,0.0
799,False,False,0,0.0,0.0,0.0,0.0
800,False,False,0,0.0,0.0,0.0,0.0
801,False,False,0,0.0,0.0,0.0,0.0
802,False,False,0,0.0,0.0,0.0,0.0
803,False,False,0,0.0,0.0,0.0,0.0
804,False,False,0,0.0,0.0,0.0,0.0
805,False,False,0,0.0,0.0,0.0,0.0
806,False,False,0,0.0,0.0,0.0,0.0
807,False,False,0,0.0,0.0,0.0,0.0
808,False,False,0,0.0,0.0,0.0,0.0
809,False,False,0,0.0,0.0,0.0,0.0
810,False,False,0,0.0,0.0,0.0,0.0
811,False,False,0,0.0,0.0,0.0,0.0
812,False,False,0,0.0,0.0,0.0,0.0
813,False,False,0,0.0,0.0,0.0,0.0
814,False,False,0,0.0,0.0,0.0,0.0
815,False,False,0,0.0,0.0,0.0,0.0
816,False,False,0,0.0,0.0,0.0,0.0
817,False,False,0,0.0,0.0,0.0,0.0
818,False,False,0,0.0,0.0,0.0,0.0
819,False,False,0,0.0,0.0,0.0,0.0
820,False,False,0,0.0,0.0,0.0,0.0
821,False,False,0,0.0,0.0,0.0,0.0
822,False,False,0,0.0,0.0,0.0,0.0
823,False,False,0,0.0,0.0,0.0,0.0
824,False,False,0,0.0,0.0,0.0,0.0
825,False,False,0,0.0,0.0,0.0,0.0
826,False,False,0,0.0,0.0,0.0,0.0
827,False,False,0,0.0,0.0,0.0,0.0
828,False,False,0,0.0,0.0,0.0,0.0
829,False,False,0,0.0,0.0,0.0,0.0
830,False,False,0,0.0,0.0,0.0,0.0
831,False,False,0,0.0,0.0,0.0,0.0
832,False,False,0,0.0,0.0,0.0,0.0
833,False,False,0,0.0,0.0,0.0,0.0
834,False,False,0,0.0,0.0,0.0,0.0
835,False,False,0,0.0,0.0,0.0,0.0
836,False,False,0,0.0,0.0,0.0,0.0
837,False,False,0,0.0,0.0,0.0,0.0
838,False,False,0,0.0,0.0,0.0,0.0
839,False,False,0,0.0,0.0,0.0,0.0
840,False,False,0,0.0,0.0,0.0,0.0
841,False,False,0,0.0,0.0,0.0,0.0
842,False,False,0,0.0,0.0,0.0,0.0
843,False,False,0,0.0,0.0,0.0,0.0
844,False,False,0,0.0,0.0,0.0,0.0
845,False,False,0,0.0,0.0,0.0,0.0
846,False,False,0,0.0,0.0,0.0,0.0
847,False,False,0,0.0,0.0,0.0,0.0
848,False,False,0,0.0,0.0,0.0,0.0
849,False,False,0,0.0,0.0,0.0,0.0
850,False,False,0,0.0,0.0,0.0,0.0
851,False,False,0,0.0,0.0,0.0,0.0
852,False,False,0,0.0,0.0,0.0,0.0
853,False,False,0,0.0,0.0,0.0,0.0
854,False,False,0,0.0,0.0,0.0,0.0
855,False,False,0,0.0,0.0,0.0,0.0
856,False,False,0,0.0,0.0,0.0,0.0
857,False,False,0,0.0,0.0,0.0,0.0
858,False,False,0,0.0,0.0,0.0,0.0
859,False,False,0,0.0,0.0,0.0,0.0
860,False,False,0,0.0,0.0,0.0,0.0
861,False,False,0,0.0,0.0,0.0,0.0
862,False,False,0,0.0,0.0,0.0,0.0
863,False,False,0,0.0,0.0,0.0,0.0
864,False,False,0,0.0,0.0,0.0,0.0
865,False,False,0,0.0,0.0,0.0,0.0
866,False,False,0,0.0,0.0,0.0,0.0
867,False,False,0,0.0,0.0,0.0,0.0
868,False,False,0,0.0,0.0,0.0,0.0
869,False,False,0,0.0,0.0,0.0,0.0
870,False,False,0,0.0,0.0,0.0,0.0
871,False,False,0,0.0,0.0,0.0,0.0
872,False,False,0,0.0,0.0,0.0,0.0
873,False,False,0,0.0,0.0,0.0,0.0
874,False,False,0,0.0,0.0,0.0,0.0
875,False,False,0,0.0,0.0,0.0,0.0
876,False,False,0,0.0,0.0,0.0,0.0
877,False,False,0,0.0,0.0,0.0,0.0
878,False,False,0,0.0,0.0,0.0,0.0
879,False,False,0,0.0,0.0,0.0,0.0
880,False,False,0,0.0,0.0,0.0,0.0
881,False,False,0,0.0,0.0,0.0,0.0
882,False,False,0,0.0,0.0,0.0,0.0
883,False,False,0,0.0,0.0,0.0,0.0
884,False,False,0,0.0,0.0,0.0,0.0
885,False,False,0,0.0,0.0,0.0,0.0
886,False,False,0,0.0,0.0,0.0,0.0
887,False,False,0,0.0,0.0,0.0,0.0
888,False,False,0,0.0,0.0,0.0,0.0
889,False,False,0,0.0,0.0,0.0,0.0
890,False,False,0,0.0,0.0,0.0,0.0
891,False,False,0,0.0,0.0,0.0,0.0
892,False,False,0,0.0,0.0,0.0,0.0
893,False,False,0,0.0,0.0,0.0,0.0
894,False,False,0,0.0,0.0,0.0,0.0
895,False,False,0,0.0,0.0,0.0,0.0
896,False,False,0,0.0,0.0,0.0,0.0
897,False,False,0,0.0,0.0,0.0,0.0
898,False,False,0,0.0,0.0,0.0,0.0
899,False,False,0,0.0,0.0,0.0,0.0
900,False,False,0,0.0,0.0,0.0,0.0
901,False,False,0,0.0,0.0,0.0,0.0
902,False,False,0,0.0,0.0,0.0,0.0
903,False,False,0,0.0,0.0,0.0,0.0
904,False,False,0,0.0,0.0,0.0,0.0
905,False,False,0,0.0,0.0,0.0,0.0
906,False,False,0,0.0,0.0,0.0,0.0
907,False,False,0,0.0,0.0,0.0,0.0
908,False,False,0,0.0,0.0,0.0,0.0
909,False,False,0,0.0,0.0,0.0,0.0
910,False,False,0,0.0,0.0,0.0,0.0
911,False,False,0,0.0,0.0,0.0,0.0
912,False,False,0,0.0,0.0,0.0,0.0
913,False,False,0,0.0,0.0,0.0,0.0
914,False,False,0,0.0,0.0,0.0,0.0
915,False,False,0,0.0,0.0,0.0,0.0
916,False,False,0,0.0,0.0,0.0,0.0
917,False,False,0,0.0,0.0,0.0,0.0
918,False,False,0,0.0,0.0,0.0,0.0
919,False,False,0,0.0,0.0,0.0,0.0
920,False,False,0,0.0,0.0,0.0,0.0
921,False,False,0,0.0,0.0,0.0,0.0
922,False,False,0,0.0,0.0,0.0,0.0
923,False,False,0,0.0,0.0,0.0,0.0
924,False,False,0,0.0,0.0,0.0,0.0
925,False,False,0,0.0,0.0,0.0,0.0
926,False,False,0,0.0,0.0,0.0,0.0
927,False,False,0,0.0,0.0,0.0,0.0
928,False,False,0,0.0,0.0,0.0,0.0
929,False,False,0,0.0,0.0,0.0,0.0
930,False,False,0,0.0,0.0,0.0,0.0
931,False,False,0,0.0,0.0,0.0,0.0
932,False,False,0,0.0,0.0,0.0,0.0
933,False,False,0,0.0,0.0,0.0,0.0
934,False,False,0,0.0,0.0,0.0,0.0
935,False,False,0,0.0,0.0,0.0,0.0
936,False,False,0,0.0,0.0,0.0,0.0
937,False,False,0,0.0,0.0,0.0,0.0
938,False,False,0,0.0,0.0,0.0,0.0
939,False,False,0,0.0,0.0,0.0,0.0
940,False,False,0,0.0,0.0,0.0,0.0
941,False,False,0,0.0,0.0,0.0,0.0
942,False,False,0,0.0,0.0,0.0,0.0
943,False,False,0,0.0,0.0,0.0,0.0
944,False,False,0,0.0,0.0,0.0,0.0
945,False,False,0,0.0,0.0,0.0,0.0
946,False,False,0,0.0,0.0,0.0,0.0
947,False,False,0,0.0,0.0,0.0,0.0
948,False,False,0,0.0,0.0,0.0,0.0
949,False,False,0,0.0,0.0,0.0,0.0
950,False,False,0,0.0,0.0,0.0,0.0
951,False,False,0,0.0,0.0,0.0,0.0
952,False,False,0,0.0,0.0,0.0,0.0
953,False,False,0,0.0,0.0,0.0,0.0
954,False,False,0,0.0,0.0,0.0,0.0
955,False,False,0,0.0,0.0,0.0,0.0
956,False,False,0,0.0,0.0,0.0,0.0
957,False,False,0,0.0,0.0,0.0,0.0
958,False,False,0,0.0,0.0,0.0,0.0
959,False,False,0,0.0,0.0,0.0,0.0
960,False,False,0,0.0,0.0,0.0,0.0
961,False,False,0,0.0,0.0,0.0,0.0
962,False,False,0,0.0,0.0,0.0,0.0
963,False,False,0,0.0,0.0,0.0,0.0
964,False,False,0,0.0,0.0,0.0,0.0
965,False,False,0,0.0,0.0,0.0,0.0
966,False,False,0,0.0,0.0,0.0,0.0
967,False,False,0,0.0,0.0,0.0,0.0
968,False,False,0,0.0,0.0,0.0,0.0
969,False,False,0,0.0,0.0,0.0,0.0
970,False,False,0,0.0,0.0,0.0,0.0
971,False,False,0,0.0,0.0,0.0,0.0
972,False,False,0,0.0,0.0,0.0,0.0
973,False,False,0,0.0,0.0,0.0,0.0
974,False,False,0,0.0,0.0,0.0,0.0
975,False,False,0,0.0,0.0,0.0,0.0
976,False,False,0,0.0,0.0,0.0,0.0
977,False,False,0,0.0,0.0,0.0,0.0
978,False,False,0,0.0,0.0,0.0,0.0
979,False,False,0,0.0,0.0,0.0,0.0
980,False,False,0,0.0,0.0,0.0,0.0
981,False,False,0,0.0,0.0,0.0,0.0
982,False,False,0,0.0,0.0,0.0,0.0
983,False,False,0,0.0,0.0,0.0,0.0
984,False,False,0,0.0,0.0,0.0,0.0
985,False,False,0,0.0,0.0,0.0,0.0
986,False,False,0,0.0,0.0,0.0,0.0
987,False,False,0,0.0,0.0,0.0,0.0
988,False,False,0,0.0,0.0,0.0,0.0
989,False,False,0,0.0,0.0,0.0,0.0
990,False,False,0,0.0,0.0,0.0,0.0
991,False,False,0,0.0,0.0,0.0,0.0
992,False,False,0,0.0,0.0,0.0,0.0
993,False,False,0,0.0,0.0,0.0,0.0
994,False,False,0,0.0,0.0,0.0,0.0
995,False,False,0,0.0,0.0,0.0,0.0
996,False,False,0,0.0,0.0,0.0,0.0
997,False,False,0,0.0,0.0,0.0,0.0
998,False,False,0,0.0,0.0,0.0,0.0
999,False,False,0,0.0,0.0,0.0,0.0
